"","Datum","Zeit","X","Y"
"1","07/04/2020","22:30:00",390800.376116832,5415725.6090551
"2","23/04/2020","21:30:00",390800.376116832,5415725.6090551
"3","06/05/2020","09:20:00",374819.797145812,5435446.63521649
"4","07/05/2020","23:00:00",388157.639918063,5418800.76328479
"5","11/05/2020","23:30:00",388416.088976274,5419949.54078176
"6","31/05/2020","21:15:00",378393.209036214,5431956.24374638
"7","05/06/2020","22:30:00",394951.705706545,5414915.8997045
"8","05/06/2020","22:30:00",394951.705706545,5414915.8997045
"9","08/06/2020","23:55:00",394437.928673709,5417060.04510581
"10","08/06/2020","23:55:00",394437.928673709,5417060.04510581
"11","08/06/2020","23:55:00",394437.928673709,5417060.04510581
"12","15/06/2020","21:35:00",377894.849987035,5431874.7763876
"13","15/06/2020","22:00:00",377894.849987035,5431874.7763876
"14","18/06/2020","21:25:00",377105.943443935,5431306.32902608
"15","27/06/2020","21:25:00",377105.943443935,5431306.32902608
"16","28/06/2020","23:16:00",378491.047230691,5431848.8919819
"17","30/06/2020",NA,377894.849987035,5431874.7763876
"18","02/07/2020","21:45:00",377105.943443935,5431306.32902608
"19","06/07/2020","23:50:00",394951.705706545,5414915.8997045
"20","06/07/2020","23:50:00",394951.705706545,5414915.8997045
"21","06/07/2020","23:50:00",394951.705706545,5414915.8997045
"22","11/07/2020","22:05:00",376255.955221899,5435206.84021783
"23","14/07/2020","20:35:00",386669.361825872,5418816.81619783
"24","14/07/2020","20:35:00",386669.361825872,5418816.81619783
"25","14/07/2020","21:45:00",385541.852780454,5419853.74896607
"26","14/07/2020","21:50:00",395996.244285858,5424274.25669238
"27","26/07/2020","22:15:00",391774.982791949,5415360.74682348
"28","27/07/2020","22:05:00",385541.852780454,5419853.74896607
"29","31/07/2020","21:55:00",372525.110226151,5435733.85824083
"30","31/07/2020","22:05:00",376632.741428073,5432773.51606833
"31","01/08/2020","20:10:00",380998.187740525,5428292.51159744
"32","02/08/2020","21:20:00",382961.948653677,5422465.70848442
"33","03/08/2020","21:10:00",394143.088074284,5422179.99463061
"34","06/08/2020","21:10:00",375991.282213633,5433357.35787395
"35","07/08/2020","07:15:00",378452.117545131,5431934.60035371
"36","09/08/2020","21:15:00",373095.609085646,5435155.77292172
"37","16/08/2020","21:00:00",373095.609085646,5435155.77292172
"38","16/08/2020","21:00:00",373095.609085646,5435155.77292172
"39","18/08/2020","06:25:00",386820.081186025,5419340.07297807
"40","18/08/2020","20:05:00",380567.955731695,5426838.55668983
"41","18/08/2020","20:25:00",383430.360682482,5419381.92770571
"42","18/08/2020","21:20:00",380443.315827701,5427668.86497788
"43","23/08/2020","20:30:00",386667.206320791,5418812.90008786
"44","23/08/2020","20:40:00",388339.229278533,5417454.36080359
"45","25/08/2020","20:25:00",372250.118609415,5436777.63902437
"46","25/08/2020","20:30:00",372250.77591814,5436777.62385945
"47","25/08/2020","21:00:00",373743.960661874,5436300.95355241
"48","26/08/2020","06:25:00",383430.360682482,5419381.92770571
"49","29/08/2020","21:00:00",375862.243062833,5433214.10973118
"50","05/09/2020","19:45:00",371222.001455163,5437972.48419597
"51","05/09/2020","19:50:00",371222.001455163,5437972.48419597
"52","05/09/2020","22:45:00",372668.198537775,5436051.09731902
"53","05/09/2020","22:45:00",372668.198537775,5436051.09731902
"54","07/09/2020","07:20:00",385002.562374229,5421320.63878282
"55","09/09/2020","06:30:00",385770.461859879,5421234.2771871
"56","09/09/2020","06:30:00",385770.461859879,5421234.2771871
"57","09/09/2020","06:30:00",385770.461859879,5421234.2771871
"58","10/09/2020","23:45:00",370805.92119722,5438325.62744328
"59","14/09/2020","19:30:00",376009.839454138,5433239.05501523
"60","14/09/2020","19:30:00",376009.839454138,5433239.05501523
"61","15/09/2020","13:00:00",376377.575105028,5438338.83720056
"62","17/09/2020","20:30:00",371201.153544204,5438005.8902758
"63","21/09/2020","23:55:00",372668.198537775,5436051.09731902
"64","21/09/2020","23:55:00",372668.198537775,5436051.09731902
"65","26/09/2020","07:20:00",380998.187740525,5428292.51159744
"66","26/09/2020","07:35:00",380998.187740525,5428292.51159744
"67","26/09/2020","19:20:00",385226.243359197,5421151.35267631
"68","28/09/2020","19:00:00",377073.576359578,5431231.9770526
"69","30/09/2020","19:20:00",376009.839454138,5433239.05501523
"70","27/10/2020","19:00:00",369578.966855725,5438297.57100308
"71","28/12/2020","16:20:00",392836.42380208,5415539.68375335
"72","07/01/2021","16:30:00",394154.858616193,5418942.97066347
"73","07/01/2021","16:30:00",394154.858616193,5418942.97066347
"74","08/01/2021",NA,377042.337211653,5431119.45396759
"75","09/01/2021","16:45:00",394154.858616193,5418942.97066347
"76","09/01/2021","16:45:00",394154.858616193,5418942.97066347
"77","10/01/2021",NA,377495.552597511,5430775.78667649
"78","11/01/2021","00:36:00",378093.17398308,5431674.56727824
"79","11/01/2021","00:36:00",378093.17398308,5431674.56727824
"80","11/01/2021","00:36:00",378093.17398308,5431674.56727824
"81","11/01/2021","05:20:00",376376.456608842,5433239.54161138
"82","11/01/2021","05:20:00",376376.456608842,5433239.54161138
"83","11/01/2021","05:20:00",376376.456608842,5433239.54161138
"84","11/01/2021","05:20:00",376376.456608842,5433239.54161138
"85","11/01/2021","05:20:00",376376.456608842,5433239.54161138
"86","11/01/2021","05:20:00",376376.456608842,5433239.54161138
"87","11/01/2021",NA,379206.828103732,5432773.44305134
"88","11/01/2021",NA,379206.828103732,5432773.44305134
"89","11/01/2021",NA,377264.649094237,5432571.4285951
"90","16/01/2021",NA,377264.649094237,5432571.4285951
"91","16/01/2021",NA,377309.065396575,5432926.32948144
"92","16/01/2021",NA,377309.065396575,5432926.32948144
"93","17/01/2021","08:10:00",394907.202798353,5414939.93311609
"94","17/01/2021",NA,371305.895515911,5437967.19639136
"95","17/01/2021",NA,371305.895515911,5437967.19639136
"96","21/01/2021",NA,369531.805850309,5438949.65954964
"97","21/01/2021",NA,371305.895515911,5437967.19639136
"98","21/01/2021",NA,371228.35926086,5437972.55871982
"99","22/01/2021",NA,371739.970133036,5437309.7146722
"100","24/01/2021","00:45:00",375683.389913979,5434937.7280234
"101","24/01/2021","00:45:00",380934.964759861,5429073.89531891
"102","26/01/2021",NA,378093.17398308,5431674.56727824
"103","26/01/2021",NA,378093.17398308,5431674.56727824
"104","27/01/2021","18:20:00",370486.320738026,5437442.44626011
"105","29/01/2021","18:00:00",394907.202798353,5414939.93311609
"106","30/01/2021","00:37:00",378093.17398308,5431674.56727824
"107","30/01/2021","00:37:00",378093.17398308,5431674.56727824
"108","30/01/2021","00:37:00",378093.17398308,5431674.56727824
"109","30/01/2021","00:37:00",378093.17398308,5431674.56727824
"110","30/01/2021",NA,377107.750088461,5432018.27894523
"111","30/01/2021",NA,377107.750088461,5432018.27894523
"112","30/01/2021",NA,377413.714628119,5430786.0466522
"113","30/01/2021",NA,377090.817890423,5431161.75284183
"114","30/01/2021",NA,378134.054305436,5430702.33632991
"115","31/01/2021",NA,371508.90005836,5436451.78990658
"116","01/02/2021","00:35:00",374827.044919495,5435437.46292626
"117","01/02/2021","00:35:00",374827.044919495,5435437.46292626
"118","08/03/2021",NA,380066.086637358,5430241.41141496
"119","09/03/2021",NA,380966.719200221,5429599.23889684
"120","01/04/2021","21:25:00",380660.092254947,5429469.47997273
"121","04/04/2021","07:29:00",371197.99483361,5437995.73157626
"122","04/04/2021",NA,371677.159906932,5437105.97101992
"123","04/04/2021",NA,377228.437297756,5432983.49892585
"124","05/04/2021","07:29:00",377531.018022214,5434367.20036132
"125","05/04/2021","07:29:00",377531.018022214,5434367.20036132
"126","05/04/2021",NA,370029.941360553,5436881.80278121
"127","06/04/2021","20:30:00",394116.278671903,5420397.85538791
"128","07/04/2021","23:00:00",394960.943986844,5415005.08301514
"129","07/04/2021",NA,387823.447898819,5417718.36128052
"130","10/04/2021","20:40:00",371724.068719504,5436919.81562875
"131","11/04/2021",NA,371724.068719504,5436919.81562875
"132","13/04/2021",NA,379194.159381702,5431849.54575852
"133","13/04/2021",NA,371677.159906932,5437105.97101992
"134","14/04/2021",NA,379945.259859768,5430211.99560644
"135","14/04/2021",NA,375871.286824376,5433252.27636857
"136","14/04/2021",NA,375871.286824376,5433252.27636857
"137","16/04/2021",NA,377531.018022214,5434367.20036132
"138","19/04/2021","16:30:00",370029.941360553,5436881.80278121
"139","20/04/2021","00:14:00",368133.716037573,5440425.13364895
"140","23/04/2021","21:00:00",387724.205012964,5418733.97837509
"141","23/04/2021",NA,372596.090093205,5438769.81985105
"142","23/04/2021",NA,372596.090093205,5438769.81985105
"143","24/04/2021","23:00:00",392857.977389669,5415524.03514482
"144","25/04/2021",NA,377275.619530084,5432981.11967183
"145","26/04/2021","23:20:00",375871.286824376,5433252.27636857
"146","27/04/2021","23:40:00",394925.349893363,5414968.83608394
"147","29/04/2021","21:00:00",382439.856839741,5419832.21789673
"148","02/05/2021","11:30:00",385809.919827206,5419234.18043767
"149","02/05/2021","23:30:00",394925.349893363,5414968.83608394
"150","03/05/2021","20:45:00",393334.679624355,5415555.36944146
"151","03/05/2021","23:00:00",392960.058195895,5415527.6339848
"152","03/05/2021","23:45:00",395081.233069416,5415083.43632263
"153","05/05/2021","19:50:00",386634.312678647,5418863.03769268
"154","05/05/2021",NA,375871.286824376,5433252.27636857
"155","07/05/2021","04:16:00",377275.619530084,5432981.11967183
"156","07/05/2021","06:25:00",375871.286824376,5433252.27636857
"157","07/05/2021","08:33:00",371216.907821813,5437989.06320265
"158","08/05/2021","20:30:00",387796.238320167,5418067.19753062
"159","10/05/2021","23:10:00",394116.278671903,5420397.85538791
"160","15/05/2021",NA,377531.018022214,5434367.20036132
"161","18/05/2021",NA,371216.907821813,5437989.06320265
"162","19/05/2021","00:34:00",374827.044919495,5435437.46292626
"163","19/05/2021","00:34:00",374827.044919495,5435437.46292626
"164","19/05/2021","00:35:00",374827.044919495,5435437.46292626
"165","19/05/2021",NA,377531.018022214,5434367.20036132
"166","20/05/2021",NA,379194.159381702,5431849.54575852
"167","20/05/2021",NA,371216.907821813,5437989.06320265
"168","20/05/2021",NA,377108.661776509,5432009.91771094
"169","20/05/2021",NA,379194.159381702,5431849.54575852
"170","22/05/2021","21:00:00",386634.312678647,5418863.03769268
"171","24/05/2021",NA,377275.619530084,5432981.11967183
"172","25/05/2021",NA,371677.159906932,5437105.97101992
"173","25/05/2021",NA,377108.661776509,5432009.91771094
"174","29/05/2021","01:15:00",395081.233069416,5415083.43632263
"175","01/06/2021","00:29:00",389034.265300486,5416665.93504656
"176","01/06/2021",NA,377712.285280927,5421539.28409402
"177","01/06/2021",NA,377275.619530084,5432981.11967183
"178","02/06/2021","23:45:00",386600.235176163,5419669.40636364
"179","02/06/2021",NA,371579.981983793,5440961.53443324
"180","02/06/2021",NA,371579.981983793,5440961.53443324
"181","03/06/2021","21:20:00",385642.000294922,5419819.1176719
"182","04/06/2021","22:10:00",386646.470282814,5418844.55271823
"183","04/06/2021","22:10:00",386646.470282814,5418844.55271823
"184","04/06/2021","22:10:00",386646.470282814,5418844.55271823
"185","04/06/2021",NA,388369.031163859,5417498.78506581
"186","04/06/2021",NA,384683.178037416,5421307.03709566
"187","06/06/2021","21:40:00",392790.269765468,5415469.7373093
"188","07/06/2021","00:20:00",394256.263332203,5418875.77027232
"189","07/06/2021",NA,379194.159381702,5431849.54575852
"190","08/06/2021","21:00:00",386647.098237333,5418860.99814838
"191","08/06/2021","23:30:00",386312.216487862,5418919.20151241
"192","08/06/2021",NA,381224.418588073,5420631.36109574
"193","08/06/2021",NA,381224.418588073,5420631.36109574
"194","09/06/2021",NA,377712.285280927,5421539.28409402
"195","09/06/2021",NA,377712.285280927,5421539.28409402
"196","09/06/2021",NA,384683.178037416,5421307.03709566
"197","09/06/2021",NA,377918.941565962,5431832.98593949
"198","09/06/2021",NA,377918.941565962,5431832.98593949
"199","10/06/2021","23:00:00",386594.542336835,5419666.96462808
"200","11/06/2021","00:42:00",385273.364241037,5421290.38877345
"201","11/06/2021","22:20:00",394364.008853872,5421914.35389966
"202","11/06/2021","22:20:00",394364.008853872,5421914.35389966
"203","11/06/2021","22:20:00",394364.008853872,5421914.35389966
"204","11/06/2021","22:20:00",394364.008853872,5421914.35389966
"205","11/06/2021","23:15:00",386773.790299776,5419439.3508934
"206","12/06/2021","22:15:00",393661.3053285,5421676.98615136
"207","14/06/2021","22:30:00",393405.295660337,5415547.34670107
"208","14/06/2021","22:45:00",384751.55283385,5419485.29282311
"209","14/06/2021","23:00:00",386610.109620745,5419675.65508405
"210","15/06/2021","23:00:00",386839.295996147,5418850.75045576
"211","15/06/2021","23:00:00",386839.295996147,5418850.75045576
"212","15/06/2021","23:45:00",392801.554938993,5415484.5321775
"213","15/06/2021","23:45:00",392801.554938993,5415484.5321775
"214","15/06/2021","23:45:00",392801.554938993,5415484.5321775
"215","17/06/2021","22:30:00",394043.862458741,5420412.02144365
"216","17/06/2021","23:50:00",390820.456925497,5415731.03815583
"217","20/06/2021","22:15:00",386646.476211253,5418848.44474244
"218","20/06/2021",NA,379194.159381702,5431849.54575852
"219","21/06/2021",NA,377712.285280927,5421539.28409402
"220","22/06/2021",NA,377918.941565962,5431832.98593949
"221","22/06/2021",NA,377275.619530084,5432981.11967183
"222","26/06/2021",NA,371723.630524216,5436919.82578058
"223","26/06/2021",NA,371579.981983793,5440961.53443324
"224","27/06/2021","00:56:00",368059.44872879,5442053.20481804
"225","27/06/2021","23:50:00",384753.169142908,5419485.48177626
"226","28/06/2021",NA,388369.031163859,5417498.78506581
"227","30/06/2021","23:00:00",385626.761700183,5419805.08528315
"228","30/06/2021",NA,384683.910391915,5421307.0219179
"229","01/07/2021","23:30:00",394972.968102748,5414969.82921343
"230","03/07/2021",NA,377223.932696035,5433077.24074472
"231","05/07/2021","00:30:00",394972.968102748,5414969.82921343
"232","05/07/2021",NA,378140.7288859,5433505.20118724
"233","05/07/2021",NA,378140.7288859,5433505.20118724
"234","05/07/2021",NA,378140.7288859,5433505.20118724
"235","06/07/2021","23:30:00",386839.295996147,5418850.75045576
"236","06/07/2021",NA,372593.187570552,5438602.50268987
"237","06/07/2021",NA,372593.187570552,5438602.50268987
"238","06/07/2021",NA,379927.03578071,5430171.01937029
"239","06/07/2021",NA,379927.03578071,5430171.01937029
"240","07/07/2021","22:30:00",394267.396730109,5418910.14171936
"241","07/07/2021","23:10:00",386773.570520971,5419439.35536305
"242","07/07/2021","23:50:00",384892.232153892,5419937.10202209
"243","08/07/2021",NA,377712.285280927,5421539.28409402
"244","09/07/2021","20:20:00",394267.396730109,5418910.14171936
"245","09/07/2021","23:15:00",386773.570520971,5419439.35536305
"246","11/07/2021","20:30:00",394267.396730109,5418910.14171936
"247","11/07/2021","23:30:00",385626.761700183,5419805.08528315
"248","11/07/2021",NA,389937.078075417,5416527.04284793
"249","12/07/2021","21:45:00",385626.761700183,5419805.08528315
"250","15/07/2021","05:30:00",393904.419061642,5418054.02986522
"251","15/07/2021","05:30:00",393904.419061642,5418054.02986522
"252","15/07/2021","05:30:00",393904.419061642,5418054.02986522
"253","15/07/2021","05:30:00",393904.419061642,5418054.02986522
"254","15/07/2021","05:30:00",393904.419061642,5418054.02986522
"255","15/07/2021","05:30:00",393904.419061642,5418054.02986522
"256","15/07/2021","05:30:00",393904.419061642,5418054.02986522
"257","15/07/2021","21:20:00",392855.264257022,5415527.86806678
"258","15/07/2021","21:20:00",392855.264257022,5415527.86806678
"259","15/07/2021","22:00:00",394439.641998684,5417054.08243174
"260","15/07/2021",NA,379178.537126131,5431877.68911799
"261","17/07/2021","01:00:00",392855.264257022,5415527.86806678
"262","17/07/2021","01:00:00",392855.264257022,5415527.86806678
"263","19/07/2021","22:30:00",385636.629676274,5419821.6745126
"264","20/07/2021",NA,377712.285280927,5421539.28409402
"265","21/07/2021",NA,371579.981983793,5440961.53443324
"266","21/07/2021",NA,371648.303858061,5436191.97510118
"267","22/07/2021","21:15:00",394267.396730109,5418910.14171936
"268","22/07/2021","21:15:00",394267.396730109,5418910.14171936
"269","23/07/2021","22:30:00",394439.641998684,5417054.08243174
"270","23/07/2021","22:30:00",394439.641998684,5417054.08243174
"271","23/07/2021","22:30:00",394439.641998684,5417054.08243174
"272","23/07/2021","22:30:00",394439.641998684,5417054.08243174
"273","27/07/2021","21:20:00",385626.761700183,5419805.08528315
"274","28/07/2021","08:00:00",387919.75273156,5417615.00562145
"275","28/07/2021",NA,380423.013940714,5427759.27131177
"276","30/07/2021",NA,377712.285280927,5421539.28409402
"277","31/07/2021","23:50:00",394925.276576551,5414968.8374657
"278","31/07/2021","23:50:00",394925.276576551,5414968.8374657
"279","01/08/2021",NA,376010.165950984,5433109.81609097
"280","01/08/2021",NA,376010.165950984,5433109.81609097
"281","02/08/2021","02:00:00",393904.419061642,5418054.02986522
"282","02/08/2021","02:00:00",393904.419061642,5418054.02986522
"283","02/08/2021","02:00:00",393904.419061642,5418054.02986522
"284","02/08/2021",NA,378363.705626298,5433404.66032548
"285","02/08/2021",NA,377175.627129766,5431292.21841085
"286","03/08/2021",NA,378413.183717487,5431926.66803207
"287","04/08/2021","20:55:00",386958.861666677,5419180.15457573
"288","05/08/2021","21:45:00",385640.201075429,5419817.15294226
"289","09/08/2021",NA,377712.285280927,5421539.28409402
"290","09/08/2021",NA,378880.805987636,5423821.34397223
"291","09/08/2021",NA,377031.983204779,5432103.92494568
"292","10/08/2021","00:20:00",385355.903657156,5419962.00711234
"293","10/08/2021","00:23:00",385752.03012797,5421230.49763606
"294","10/08/2021","00:23:00",385752.03012797,5421230.49763606
"295","10/08/2021","00:23:00",385752.03012797,5421230.49763606
"296","10/08/2021","00:23:00",385752.03012797,5421230.49763606
"297","10/08/2021","00:23:00",385752.03012797,5421230.49763606
"298","10/08/2021","22:40:00",395006.806865576,5414975.19653857
"299","10/08/2021","22:50:00",386958.861666677,5419180.15457573
"300","11/08/2021",NA,385047.779948214,5419910.53460413
"301","11/08/2021",NA,384600.236052678,5421441.09190618
"302","12/08/2021",NA,393961.916450441,5415528.05701193
"303","12/08/2021",NA,382298.640382366,5430170.24950569
"304","13/08/2021","20:35:00",384532.989936478,5419117.28221595
"305","13/08/2021","20:35:00",384532.989936478,5419117.28221595
"306","17/08/2021","05:20:00",394442.61569688,5417056.25006148
"307","17/08/2021","05:20:00",394442.61569688,5417056.25006148
"308","17/08/2021","05:20:00",394442.61569688,5417056.25006148
"309","17/08/2021","05:20:00",394442.61569688,5417056.25006148
"310","17/08/2021","05:20:00",394442.61569688,5417056.25006148
"311","17/08/2021","05:20:00",394442.61569688,5417056.25006148
"312","17/08/2021","05:20:00",394442.61569688,5417056.25006148
"313","18/08/2021",NA,377712.285280927,5421539.28409402
"314","23/08/2021",NA,382298.640382366,5430170.24950569
"315","25/08/2021","00:25:00",387119.175385376,5419061.91739298
"316","25/08/2021","00:33:00",387157.206445209,5420395.593852
"317","25/08/2021","00:47:00",374825.293287145,5435651.03762719
"318","25/08/2021","00:48:00",374799.855638745,5435592.66792369
"319","25/08/2021","21:00:00",394255.750473405,5418875.78001149
"320","25/08/2021",NA,377712.285280927,5421539.28409402
"321","25/08/2021",NA,386408.992470685,5420393.02093654
"322","27/08/2021",NA,373748.970479087,5436302.73003274
"323","27/08/2021",NA,371305.869670762,5437966.08479727
"324","28/08/2021","07:30:00",393904.419061642,5418054.02986522
"325","28/08/2021","07:30:00",393904.419061642,5418054.02986522
"326","28/08/2021","07:30:00",393904.419061642,5418054.02986522
"327","29/08/2021","20:10:00",385626.761700183,5419805.08528315
"328","29/08/2021",NA,378913.505513053,5423809.5106452
"329","30/08/2021",NA,383016.212826358,5422555.10649709
"330","31/08/2021",NA,377112.979258938,5432029.84050775
"331","01/09/2021","00:25:00",385273.364241037,5421290.38877345
"332","01/09/2021","00:25:00",385273.364241037,5421290.38877345
"333","01/09/2021","00:25:00",385273.364241037,5421290.38877345
"334","01/09/2021","00:25:00",385273.364241037,5421290.38877345
"335","01/09/2021","23:30:00",394081.685746961,5415540.23576706
"336","02/09/2021","22:00:00",385727.31936897,5419919.78543694
"337","02/09/2021",NA,371204.916664087,5437991.78904201
"338","02/09/2021",NA,371204.916664087,5437991.78904201
"339","04/09/2021","22:15:00",385626.761700183,5419805.08528315
"340","05/09/2021","20:10:00",385350.514784616,5419629.1695868
"341","05/09/2021","20:10:00",385350.514784616,5419629.1695868
"342","06/09/2021",NA,377712.285280927,5421539.28409402
"343","06/09/2021",NA,376001.591957321,5433380.25993013
"344","07/09/2021","21:30:00",395006.806865576,5414975.19653857
"345","07/09/2021",NA,378676.261816643,5423375.39939118
"346","08/09/2021",NA,380591.378119013,5426875.97576034
"347","09/09/2021","20:00:00",384532.989936478,5419117.28221595
"348","09/09/2021","20:00:00",384532.989936478,5419117.28221595
"349","10/09/2021","00:26:00",388096.301396004,5419213.44720391
"350","10/09/2021","00:26:00",388096.301396004,5419213.44720391
"351","10/09/2021","00:26:00",388096.301396004,5419213.44720391
"352","10/09/2021","00:26:00",388096.301396004,5419213.44720391
"353","10/09/2021","00:26:00",388096.301396004,5419213.44720391
"354","10/09/2021","00:26:00",388096.301396004,5419213.44720391
"355","10/09/2021","00:26:00",388096.301396004,5419213.44720391
"356","10/09/2021","00:26:00",388096.301396004,5419213.44720391
"357","10/09/2021","21:15:00",390836.377781546,5415720.16227259
"358","12/09/2021","19:50:00",383544.986511868,5419679.32280701
"359","13/09/2021",NA,377833.009956418,5419327.98222592
"360","13/09/2021",NA,383016.212826358,5422555.10649709
"361","14/09/2021","19:45:00",384532.989936478,5419117.28221595
"362","16/09/2021","00:38:00",385752.03012797,5421230.49763606
"363","16/09/2021","00:38:00",385752.03012797,5421230.49763606
"364","17/09/2021","00:29:00",385273.364241037,5421290.38877345
"365","17/09/2021","01:45:00",394442.61569688,5417056.25006148
"366","17/09/2021","01:45:00",394442.61569688,5417056.25006148
"367","17/09/2021","21:20:00",384532.989936478,5419117.28221595
"368","20/09/2021","18:40:00",384532.989936478,5419117.28221595
"369","20/09/2021","21:00:00",384532.989936478,5419117.28221595
"370","20/09/2021","21:00:00",384532.989936478,5419117.28221595
"371","23/09/2021",NA,384600.236052678,5421441.09190618
"372","23/09/2021",NA,377309.121781234,5431309.28240233
"373","24/09/2021","19:20:00",384753.169142908,5419485.48177626
"374","24/09/2021","19:30:00",386959.692058398,5418896.1228212
"375","24/09/2021","21:30:00",384753.169142908,5419485.48177626
"376","26/09/2021","21:30:00",386594.249310265,5419666.97059723
"377","27/09/2021",NA,381718.120978342,5429429.70376788
"378","28/09/2021",NA,384600.236052678,5421441.09190618
"379","28/09/2021",NA,384600.236052678,5421441.09190618
"380","28/09/2021",NA,377112.979258938,5432029.84050775
"381","29/09/2021","19:30:00",382323.618325578,5419766.17002814
"382","01/10/2021","00:28:00",381224.418588073,5420631.36109574
"383","01/10/2021","00:28:00",381224.418588073,5420631.36109574
"384","01/10/2021","00:28:00",381224.418588073,5420631.36109574
"385","01/10/2021","00:28:00",381224.418588073,5420631.36109574
"386","01/10/2021","00:28:00",381224.418588073,5420631.36109574
"387","01/10/2021","00:28:00",381224.418588073,5420631.36109574
"388","01/10/2021","00:28:00",381224.418588073,5420631.36109574
"389","01/10/2021","00:28:00",381224.418588073,5420631.36109574
"390","01/10/2021","00:28:00",381224.418588073,5420631.36109574
"391","01/10/2021","19:10:00",384675.72679896,5419426.58949866
"392","01/10/2021",NA,385047.779948214,5419910.53460413
"393","02/10/2021","18:50:00",385955.384215147,5419605.1805908
"394","03/10/2021","03:30:00",394364.008853872,5421914.35389966
"395","03/10/2021","03:30:00",394364.008853872,5421914.35389966
"396","03/10/2021","03:30:00",394364.008853872,5421914.35389966
"397","03/10/2021","03:30:00",394364.008853872,5421914.35389966
"398","03/10/2021","03:30:00",394364.008853872,5421914.35389966
"399","03/10/2021","03:30:00",394364.008853872,5421914.35389966
"400","03/10/2021","03:30:00",394364.008853872,5421914.35389966
"401","03/10/2021","19:00:00",386959.692058398,5418896.1228212
"402","03/10/2021",NA,385293.633158234,5419678.49316638
"403","05/10/2021","00:00:00",384675.72679896,5419426.58949866
"404","05/10/2021","00:00:00",384675.72679896,5419426.58949866
"405","05/10/2021","00:00:00",384675.72679896,5419426.58949866
"406","05/10/2021","00:00:00",384675.72679896,5419426.58949866
"407","05/10/2021","00:00:00",384675.72679896,5419426.58949866
"408","05/10/2021","00:00:00",384675.72679896,5419426.58949866
"409","05/10/2021","00:00:00",384675.72679896,5419426.58949866
"410","05/10/2021","00:00:00",384675.72679896,5419426.58949866
"411","05/10/2021","00:00:00",384675.72679896,5419426.58949866
"412","05/10/2021","00:00:00",384675.72679896,5419426.58949866
"413","05/10/2021","00:00:00",384675.72679896,5419426.58949866
"414","05/10/2021","00:00:00",384675.72679896,5419426.58949866
"415","05/10/2021","00:00:00",384675.72679896,5419426.58949866
"416","05/10/2021","00:00:00",384675.72679896,5419426.58949866
"417","05/10/2021","00:00:00",384675.72679896,5419426.58949866
"418","05/10/2021","19:30:00",382323.618325578,5419766.17002814
"419","05/10/2021",NA,383435.368041698,5419344.32735364
"420","08/10/2021","17:59:00",384485.619502979,5419130.38617797
"421","10/10/2021",NA,386851.47969954,5417790.72976433
"422","11/10/2021","00:29:00",385273.364241037,5421290.38877345
"423","11/10/2021","00:29:00",385273.364241037,5421290.38877345
"424","11/10/2021","00:29:00",385273.364241037,5421290.38877345
"425","11/10/2021",NA,388142.058665306,5416929.53150458
"426","12/10/2021",NA,377790.206530321,5420750.19718547
"427","12/10/2021",NA,377790.206530321,5420750.19718547
"428","12/10/2021",NA,378676.261816643,5423375.39939118
"429","13/10/2021",NA,373749.903610618,5436311.60613679
"430","14/10/2021","19:20:00",394077.998468685,5420357.66242613
"431","15/10/2021","19:15:00",395291.221071987,5415240.28009828
"432","17/10/2021",NA,376022.972644267,5433093.95959442
"433","18/10/2021","18:45:00",386702.438267469,5419041.13463499
"434","18/10/2021",NA,377712.285280927,5421539.28409402
"435","20/10/2021",NA,370806.065792303,5438338.08070564
"436","22/10/2021","00:35:00",382817.251238902,5422394.70746397
"437","22/10/2021",NA,377001.168671533,5434438.99158876
"438","23/10/2021",NA,393764.098072568,5414537.26403073
"439","24/10/2021",NA,376022.972644267,5433093.95959442
"440","25/10/2021",NA,388369.031163859,5417498.78506581
"441","25/10/2021",NA,384802.753265067,5419756.57572694
"442","25/10/2021",NA,377164.562309359,5435445.19261087
"443","26/10/2021","00:32:00",377674.528438067,5420688.23613624
"444","26/10/2021","07:00:00",387986.884837141,5417562.83560575
"445","26/10/2021","18:40:00",387986.884837141,5417562.83560575
"446","26/10/2021","18:40:00",387986.884837141,5417562.83560575
"447","26/10/2021","20:00:00",384521.080030659,5419037.79471226
"448","27/10/2021","00:33:00",378741.54194252,5431792.69636518
"449","27/10/2021","00:33:00",378741.54194252,5431792.69636518
"450","27/10/2021","00:33:00",378741.54194252,5431792.69636518
"451","27/10/2021","00:33:00",378741.54194252,5431792.69636518
"452","27/10/2021","00:33:00",378741.54194252,5431792.69636518
"453","27/10/2021","00:33:00",378741.54194252,5431792.69636518
"454","27/10/2021","00:33:00",378741.54194252,5431792.69636518
"455","27/10/2021","00:33:00",378741.54194252,5431792.69636518
"456","27/10/2021",NA,376263.348962722,5435213.9040452
"457","28/10/2021",NA,376716.686308542,5436206.95410396
"458","28/10/2021",NA,376716.686308542,5436206.95410396
"459","29/10/2021","00:36:00",374817.571329582,5435471.04186287
"460","29/10/2021","18:40:00",386650.208888475,5418779.75581234
"461","29/10/2021",NA,377260.100346896,5438567.09245182
"462","29/10/2021",NA,377260.100346896,5438567.09245182
"463","30/10/2021","18:25:00",385959.579295238,5419595.30863595
"464","30/10/2021","19:30:00",385959.579295238,5419595.30863595
"465","01/11/2021",NA,377195.355557103,5431357.39757982
"466","01/11/2021",NA,377195.355557103,5431357.39757982
"467","01/11/2021",NA,377195.355557103,5431357.39757982
"468","01/11/2021",NA,377195.355557103,5431357.39757982
"469","02/11/2021","18:30:00",394443.304366524,5417053.90184705
"470","02/11/2021","18:30:00",394443.304366524,5417053.90184705
"471","02/11/2021","18:30:00",394443.304366524,5417053.90184705
"472","02/11/2021","18:30:00",394443.304366524,5417053.90184705
"473","03/11/2021",NA,380555.705934071,5426748.85111627
"474","05/11/2021",NA,377083.215299187,5432072.76138763
"475","05/11/2021",NA,375978.298759518,5433156.12702092
"476","06/11/2021","17:45:00",385955.047207803,5419588.72918762
"477","06/11/2021",NA,371202.751974394,5437992.95160839
"478","08/11/2021","17:40:00",384646.778440733,5418665.98676689
"479","08/11/2021","19:40:00",394954.176053424,5414945.60855431
"480","09/11/2021",NA,380769.979567036,5427523.82985379
"481","09/11/2021",NA,381609.091295136,5429463.16724804
"482","10/11/2021","17:20:00",384646.778440733,5418665.98676689
"483","11/11/2021","00:34:00",374858.240488645,5435653.62966129
"484","11/11/2021","00:35:00",374803.355469953,5435618.16855464
"485","11/11/2021","18:30:00",383544.986511868,5419679.32280701
"486","12/11/2021",NA,373749.071844279,5436307.1764103
"487","14/11/2021",NA,379916.366000788,5430151.23225116
"488","14/11/2021",NA,379916.366000788,5430151.23225116
"489","14/11/2021",NA,379916.366000788,5430151.23225116
"490","15/11/2021","00:28:00",385273.364241037,5421290.38877345
"491","15/11/2021","00:28:00",385273.364241037,5421290.38877345
"492","15/11/2021","00:28:00",385273.364241037,5421290.38877345
"493","15/11/2021","00:28:00",385273.364241037,5421290.38877345
"494","15/11/2021","00:36:00",374826.704019062,5435648.78142271
"495","15/11/2021","16:45:00",384646.778440733,5418665.98676689
"496","16/11/2021",NA,377539.38645595,5434315.85704495
"497","16/11/2021",NA,377539.38645595,5434315.85704495
"498","16/11/2021",NA,377539.38645595,5434315.85704495
"499","19/11/2021","00:31:00",377327.179957181,5421053.98242247
"500","19/11/2021","00:31:00",377327.179957181,5421053.98242247
"501","19/11/2021","00:35:00",374822.509062028,5435463.1451466
"502","19/11/2021","00:35:00",374822.509062028,5435463.1451466
"503","19/11/2021","00:35:00",374822.509062028,5435463.1451466
"504","19/11/2021","00:35:00",374822.509062028,5435463.1451466
"505","19/11/2021","00:36:00",374822.509062028,5435463.1451466
"506","19/11/2021","00:36:00",374822.509062028,5435463.1451466
"507","19/11/2021","00:36:00",374822.509062028,5435463.1451466
"508","19/11/2021","00:36:00",374822.509062028,5435463.1451466
"509","19/11/2021","00:36:00",374799.905888276,5435594.89111269
"510","19/11/2021","00:36:00",374799.905888276,5435594.89111269
"511","20/11/2021",NA,386814.367244979,5417840.41341624
"512","23/11/2021","16:49:00",393002.452783774,5415516.47855505
"513","23/11/2021","16:50:00",395305.775154768,5415234.2244841
"514","24/11/2021","08:00:00",390762.653928663,5415775.20532385
"515","24/11/2021","08:00:00",390762.653928663,5415775.20532385
"516","24/11/2021","08:00:00",390762.653928663,5415775.20532385
"517","24/11/2021","08:00:00",390762.653928663,5415775.20532385
"518","24/11/2021",NA,381224.418588073,5420631.36109574
"519","24/11/2021",NA,377674.528438067,5420688.23613624
"520","25/11/2021","16:30:00",394237.915503861,5418862.88605522
"521","25/11/2021",NA,378676.261816643,5423375.39939118
"522","26/11/2021","00:30:00",380088.769754392,5420911.4949894
"523","26/11/2021","00:30:00",380088.769754392,5420911.4949894
"524","27/11/2021","17:00:00",386577.917703268,5419656.73889512
"525","28/11/2021","17:00:00",384679.516442036,5419432.627314
"526","28/11/2021","17:00:00",384679.516442036,5419432.627314
"527","28/11/2021",NA,378676.261816643,5423375.39939118
"528","29/11/2021","17:00:00",386583.48385149,5419642.16893184
"529","29/11/2021",NA,375527.303197082,5435700.83517502
"530","30/11/2021",NA,374245.094221618,5435237.10759516
"531","30/11/2021",NA,374245.094221618,5435237.10759516
"532","30/11/2021",NA,378994.273473193,5432750.27507377
"533","01/12/2021",NA,381224.418588073,5420631.36109574
"534","01/12/2021",NA,374069.064485125,5434953.05496062
"535","01/12/2021",NA,377230.168088329,5431311.02938422
"536","01/12/2021",NA,377230.168088329,5431311.02938422
"537","02/12/2021","16:20:00",394197.740233736,5418947.15966543
"538","02/12/2021",NA,378676.261816643,5423375.39939118
"539","02/12/2021",NA,377294.606321449,5432867.70619619
"540","03/12/2021","00:31:00",373762.20259802,5436370.27088822
"541","03/12/2021","00:31:00",373762.20259802,5436370.27088822
"542","03/12/2021","00:31:00",373762.20259802,5436370.27088822
"543","03/12/2021","16:10:00",395305.775154768,5415234.2244841
"544","03/12/2021","16:10:00",395305.775154768,5415234.2244841
"545","03/12/2021","16:40:00",384679.516442036,5419432.627314
"546","03/12/2021","17:00:00",386959.692058398,5418896.1228212
"547","03/12/2021","17:10:00",384646.778440733,5418665.98676689
"548","03/12/2021",NA,377713.505650744,5421528.13614499
"549","03/12/2021",NA,373758.896478543,5436321.41068082
"550","04/12/2021","00:39:00",378640.356038464,5431613.63331207
"551","04/12/2021","00:39:00",378640.356038464,5431613.63331207
"552","06/12/2021","17:00:00",392813.507536259,5415492.08628291
"553","06/12/2021",NA,388369.031163859,5417498.78506581
"554","06/12/2021",NA,388369.031163859,5417498.78506581
"555","07/12/2021","07:30:00",394443.304366524,5417053.90184705
"556","07/12/2021","07:30:00",394443.304366524,5417053.90184705
"557","07/12/2021","07:30:00",394443.304366524,5417053.90184705
"558","07/12/2021","17:10:00",395009.335011784,5414992.60696503
"559","07/12/2021",NA,386632.682133793,5418854.95298502
"560","07/12/2021",NA,375544.959541632,5435705.9992146
"561","07/12/2021",NA,374231.26440164,5435239.64588206
"562","07/12/2021",NA,374243.633138247,5435237.14076197
"563","07/12/2021",NA,374565.955074339,5435139.74810548
"564","07/12/2021",NA,375544.959541632,5435705.9992146
"565","08/12/2021","00:59:00",383016.212826358,5422555.10649709
"566","08/12/2021",NA,375579.543031908,5434837.74089983
"567","08/12/2021",NA,376339.056412189,5432972.3487439
"568","08/12/2021",NA,373752.044132408,5436309.33299525
"569","09/12/2021","00:38:00",386823.305346513,5419650.63283988
"570","09/12/2021","00:38:00",386823.305346513,5419650.63283988
"571","09/12/2021","16:20:00",384524.641868533,5419032.82779395
"572","09/12/2021","16:40:00",384695.356886414,5419454.31795246
"573","09/12/2021",NA,374243.633138247,5435237.14076197
"574","10/12/2021",NA,378262.965476936,5423065.25610655
"575","10/12/2021",NA,371389.524986945,5439427.78999113
"576","10/12/2021",NA,377113.948525633,5432007.57628125
"577","11/12/2021","00:34:00",378324.217892335,5431571.62637138
"578","11/12/2021","00:34:00",378324.217892335,5431571.62637138
"579","11/12/2021","00:34:00",378324.217892335,5431571.62637138
"580","11/12/2021","00:34:00",378324.217892335,5431571.62637138
"581","11/12/2021","00:34:00",378324.217892335,5431571.62637138
"582","11/12/2021","00:37:00",378229.622837415,5431526.99307232
"583","11/12/2021","17:00:00",386577.917703268,5419656.73889512
"584","11/12/2021","17:10:00",393134.860680342,5414427.74752543
"585","11/12/2021","17:10:00",393134.860680342,5414427.74752543
"586","13/12/2021","16:45:00",390820.465634642,5415731.48278778
"587","13/12/2021",NA,384789.54062863,5419720.15129011
"588","13/12/2021",NA,375527.303197082,5435700.83517502
"589","15/12/2021","00:40:00",374996.765840988,5435541.51002021
"590","15/12/2021",NA,374005.433273275,5435015.67086094
"591","15/12/2021",NA,379912.45995492,5430173.55903335
"592","16/12/2021",NA,378262.965476936,5423065.25610655
"593","17/12/2021","00:59:00",383016.212826358,5422555.10649709
"594","17/12/2021","00:59:00",383016.212826358,5422555.10649709
"595","17/12/2021",NA,383016.212826358,5422555.10649709
"596","17/12/2021",NA,383016.212826358,5422555.10649709
"597","17/12/2021",NA,383016.212826358,5422555.10649709
"598","17/12/2021",NA,377122.892474017,5432015.16305507
"599","17/12/2021",NA,373755.219139521,5436320.38233707
"600","18/12/2021",NA,376233.27258393,5434358.22074956
"601","18/12/2021",NA,376233.27258393,5434358.22074956
"602","19/12/2021","00:29:00",387411.464629283,5418727.94898285
"603","20/12/2021","00:39:00",383016.212826358,5422555.10649709
"604","20/12/2021",NA,375544.959541632,5435705.9992146
"605","20/12/2021",NA,374565.955074339,5435139.74810548
"606","20/12/2021",NA,372237.305369698,5438849.82811218
"607","21/12/2021","08:00:00",394447.659618058,5417051.59536801
"608","21/12/2021","08:00:00",394447.659618058,5417051.59536801
"609","22/12/2021","15:30:00",384662.681482681,5418655.20405587
"610","22/12/2021","19:00:00",384662.681482681,5418655.20405587
"611","22/12/2021","20:30:00",369056.080366442,5440237.72153378
"612","22/12/2021",NA,378913.505513053,5423809.5106452
"613","23/12/2021","00:30:00",387411.464629283,5418727.94898285
"614","23/12/2021","17:00:00",393098.940312853,5414428.88082419
"615","27/12/2021","16:20:00",385954.944739506,5419583.72707187
"616","27/12/2021","16:50:00",392943.210468054,5415524.84394891
"617","27/12/2021","16:55:00",385954.944739506,5419583.72707187
"618","27/12/2021","17:00:00",390779.840303589,5415754.07400739
"619","27/12/2021","17:00:00",386959.692058398,5418896.1228212
"620","27/12/2021","20:15:00",369056.080366442,5440237.72153378
"621","27/12/2021",NA,388369.031163859,5417498.78506581
"622","28/12/2021","00:30:00",373762.20259802,5436370.27088822
"623","29/12/2021","00:34:00",383016.212826358,5422555.10649709
"624","29/12/2021","00:34:00",383016.212826358,5422555.10649709
"625","29/12/2021","00:34:00",383016.212826358,5422555.10649709
"626","29/12/2021","00:34:00",383016.212826358,5422555.10649709
"627","29/12/2021","00:34:00",383016.212826358,5422555.10649709
"628","29/12/2021","00:34:00",383016.212826358,5422555.10649709
"629","29/12/2021","00:36:00",374822.509062028,5435463.1451466
"630","29/12/2021","00:36:00",374822.509062028,5435463.1451466
"631","29/12/2021","00:36:00",374822.509062028,5435463.1451466
"632","29/12/2021","00:36:00",374822.509062028,5435463.1451466
"633","29/12/2021","00:37:00",377880.811006981,5431097.59512873
"634","29/12/2021","00:37:00",377880.811006981,5431097.59512873
"635","29/12/2021","00:37:00",377880.811006981,5431097.59512873
"636","29/12/2021","00:37:00",377880.811006981,5431097.59512873
"637","29/12/2021","00:37:00",377880.811006981,5431097.59512873
"638","29/12/2021","00:37:00",374822.509062028,5435463.1451466
"639","29/12/2021","00:38:00",374822.509062028,5435463.1451466
"640","29/12/2021","00:38:00",374822.509062028,5435463.1451466
"641","29/12/2021","00:39:00",374822.509062028,5435463.1451466
"642","29/12/2021","00:39:00",374822.509062028,5435463.1451466
"643","29/12/2021","00:40:00",374822.509062028,5435463.1451466
"644","03/01/2022","19:00:00",394402.620044986,5421903.16811158
"645","03/01/2022","19:00:00",394402.620044986,5421903.16811158
"646","03/01/2022","19:00:00",394402.620044986,5421903.16811158
"647","03/01/2022","19:00:00",394402.620044986,5421903.16811158
"648","03/01/2022",NA,377324.08053259,5431291.1573917
"649","04/01/2022",NA,380075.525479764,5420704.9310303
"650","05/01/2022",NA,386587.102734753,5417480.28695703
"651","06/01/2022",NA,376334.461286853,5432995.80629664
"652","06/01/2022",NA,376334.461286853,5432995.80629664
"653","07/01/2022",NA,377712.285280927,5421539.28409402
"654","07/01/2022",NA,381599.347423515,5429452.25412972
"655","07/01/2022",NA,381599.347423515,5429452.25412972
"656","08/01/2022",NA,375972.370396703,5434753.30705238
"657","09/01/2022",NA,377110.072021577,5431997.65294802
"658","10/01/2022","00:35:00",377873.524686315,5431098.86767179
"659","10/01/2022","00:35:00",377873.524686315,5431098.86767179
"660","10/01/2022","16:55:00",369580.788122275,5438858.41575969
"661","10/01/2022",NA,377345.821902251,5431315.1435393
"662","10/01/2022",NA,369536.253567684,5438859.46556333
"663","11/01/2022","00:58:00",383016.212826358,5422555.10649709
"664","11/01/2022","00:58:00",383016.212826358,5422555.10649709
"665","11/01/2022","00:58:00",383016.212826358,5422555.10649709
"666","11/01/2022","00:58:00",383016.212826358,5422555.10649709
"667","11/01/2022","00:58:00",383016.212826358,5422555.10649709
"668","11/01/2022","20:30:00",371561.883994406,5436404.62734334
"669","11/01/2022","20:30:00",371561.883994406,5436404.62734334
"670","11/01/2022","20:30:00",371561.883994406,5436404.62734334
"671","11/01/2022","20:30:00",371561.883994406,5436404.62734334
"672","11/01/2022",NA,386587.102734753,5417480.28695703
"673","11/01/2022",NA,374231.26440164,5435239.64588206
"674","12/01/2022",NA,381599.347423515,5429452.25412972
"675","13/01/2022","00:31:00",373762.20259802,5436370.27088822
"676","13/01/2022","00:56:00",383016.212826358,5422555.10649709
"677","13/01/2022","00:56:00",383016.212826358,5422555.10649709
"678","13/01/2022","07:30:00",394439.751511596,5417059.86267595
"679","13/01/2022","17:20:00",393124.39075805,5414417.27309622
"680","13/01/2022","17:20:00",393124.39075805,5414417.27309622
"681","13/01/2022",NA,377116.313833135,5432015.3088289
"682","13/01/2022",NA,369056.080366442,5440237.72153378
"683","14/01/2022","23:55:00",384783.158270919,5419447.16238048
"684","14/01/2022","23:55:00",384783.158270919,5419447.16238048
"685","14/01/2022","23:55:00",384783.158270919,5419447.16238048
"686","14/01/2022","23:55:00",384783.158270919,5419447.16238048
"687","14/01/2022","23:55:00",384783.158270919,5419447.16238048
"688","14/01/2022","23:55:00",384783.158270919,5419447.16238048
"689","14/01/2022",NA,371942.929074236,5435722.48545638
"690","18/01/2022",NA,378262.965476936,5423065.25610655
"691","18/01/2022",NA,369081.010180908,5379383.14087256
"692","18/01/2022",NA,379909.390818549,5430166.95278358
"693","18/01/2022",NA,379909.390818549,5430166.95278358
"694","18/01/2022",NA,374231.26440164,5435239.64588206
"695","19/01/2022","00:37:00",369081.010180908,5379383.14087256
"696","19/01/2022","00:37:00",369081.010180908,5379383.14087256
"697","19/01/2022","00:37:00",369081.010180908,5379383.14087256
"698","19/01/2022","00:37:00",369081.010180908,5379383.14087256
"699","19/01/2022","05:20:00",380163.658329552,5420544.0034034
"700","19/01/2022","06:59:00",379699.192200234,5420584.05004579
"701","19/01/2022","17:00:00",394233.908048339,5418883.42277196
"702","19/01/2022","17:00:00",386577.917703268,5419656.73889512
"703","19/01/2022",NA,379639.130462912,5420585.3486188
"704","19/01/2022",NA,370105.795218636,5437978.10159266
"705","19/01/2022",NA,377688.005319757,5430745.96123309
"706","19/01/2022",NA,377345.821902251,5431315.1435393
"707","19/01/2022",NA,377576.187315077,5430717.28797032
"708","19/01/2022",NA,377688.005319757,5430745.96123309
"709","19/01/2022",NA,377159.608126639,5431361.5255643
"710","22/01/2022",NA,375651.939325286,5434871.7045514
"711","22/01/2022",NA,369537.274194895,5438933.73721619
"712","23/01/2022","17:50:00",394985.928174967,5414995.9389412
"713","23/01/2022","17:50:00",394985.928174967,5414995.9389412
"714","23/01/2022",NA,378262.965476936,5423065.25610655
"715","24/01/2022","17:40:00",390792.876631945,5415745.70093116
"716","24/01/2022","17:55:00",384707.882415933,5419457.50593371
"717","24/01/2022",NA,386823.305346513,5419650.63283988
"718","24/01/2022",NA,377345.821902251,5431315.1435393
"719","25/01/2022","17:55:00",384534.242099365,5419000.93508855
"720","26/01/2022",NA,384802.753265067,5419756.57572694
"721","26/01/2022",NA,378664.915658376,5431666.47794567
"722","26/01/2022",NA,377570.848626915,5430707.39660106
"723","27/01/2022","00:33:00",383016.212826358,5422555.10649709
"724","27/01/2022","00:35:00",383016.212826358,5422555.10649709
"725","27/01/2022","00:35:00",383016.212826358,5422555.10649709
"726","27/01/2022","00:35:00",383016.212826358,5422555.10649709
"727","27/01/2022","00:35:00",383016.212826358,5422555.10649709
"728","27/01/2022","00:35:00",383016.212826358,5422555.10649709
"729","27/01/2022","00:35:00",383016.212826358,5422555.10649709
"730","27/01/2022","00:35:00",383016.212826358,5422555.10649709
"731","27/01/2022","00:35:00",383016.212826358,5422555.10649709
"732","27/01/2022","00:35:00",383016.212826358,5422555.10649709
"733","27/01/2022","00:35:00",383016.212826358,5422555.10649709
"734","27/01/2022","00:35:00",383016.212826358,5422555.10649709
"735","27/01/2022","00:35:00",383016.212826358,5422555.10649709
"736","28/01/2022","00:59:00",378676.261816643,5423375.39939118
"737","28/01/2022",NA,369684.32530038,5441794.88777015
"738","29/01/2022","00:32:00",374799.905888276,5435594.89111269
"739","29/01/2022","00:32:00",374799.905888276,5435594.89111269
"740","29/01/2022","00:33:00",374799.905888276,5435594.89111269
"741","29/01/2022","00:34:00",374799.905888276,5435594.89111269
"742","29/01/2022","00:37:00",377880.811006981,5431097.59512873
"743","29/01/2022","00:37:00",377880.811006981,5431097.59512873
"744","29/01/2022","00:37:00",377880.811006981,5431097.59512873
"745","29/01/2022","00:37:00",377880.811006981,5431097.59512873
"746","29/01/2022","00:37:00",377880.811006981,5431097.59512873
"747","29/01/2022","00:37:00",377880.811006981,5431097.59512873
"748","29/01/2022","00:37:00",377880.811006981,5431097.59512873
"749","29/01/2022","00:37:00",377880.811006981,5431097.59512873
"750","29/01/2022","00:37:00",377880.811006981,5431097.59512873
"751","29/01/2022","00:37:00",377880.811006981,5431097.59512873
"752","29/01/2022","00:37:00",377880.811006981,5431097.59512873
"753","29/01/2022","00:37:00",377880.811006981,5431097.59512873
"754","30/01/2022",NA,378676.261816643,5423375.39939118
"755","31/01/2022","17:50:00",378453.21757141,5431617.73138004
"756","31/01/2022","18:20:00",377795.047047329,5430790.31173141
"757","31/01/2022","18:20:00",377795.047047329,5430790.31173141
"758","01/02/2022","00:35:00",377792.724986752,5431182.94482839
"759","01/02/2022","00:35:00",377792.724986752,5431182.94482839
"760","01/02/2022","00:35:00",377792.724986752,5431182.94482839
"761","01/02/2022","00:35:00",377792.724986752,5431182.94482839
"762","01/02/2022","00:35:00",377792.724986752,5431182.94482839
"763","01/02/2022","00:35:00",377792.724986752,5431182.94482839
"764","01/02/2022","00:35:00",377792.724986752,5431182.94482839
"765","01/02/2022","00:35:00",377792.724986752,5431182.94482839
"766","01/02/2022","00:35:00",377792.724986752,5431182.94482839
"767","01/02/2022","00:35:00",377792.724986752,5431182.94482839
"768","01/02/2022","00:35:00",377792.724986752,5431182.94482839
"769","01/02/2022","00:35:00",377792.724986752,5431182.94482839
"770","01/02/2022","00:35:00",377792.724986752,5431182.94482839
"771","01/02/2022","00:35:00",377792.724986752,5431182.94482839
"772","01/02/2022","00:35:00",377792.724986752,5431182.94482839
"773","01/02/2022","00:35:00",377792.724986752,5431182.94482839
"774","01/02/2022","00:35:00",377792.724986752,5431182.94482839
"775","01/02/2022","00:35:00",377792.724986752,5431182.94482839
"776","03/02/2022",NA,369081.010180908,5379383.14087256
"777","05/02/2022","00:34:00",374799.905888276,5435594.89111269
"778","05/02/2022","00:34:00",374799.905888276,5435594.89111269
"779","06/02/2022","22:15:00",384746.213068077,5419432.69189689
"780","06/02/2022","22:15:00",384746.213068077,5419432.69189689
"781","06/02/2022","22:15:00",384746.213068077,5419432.69189689
"782","06/02/2022","22:15:00",384746.213068077,5419432.69189689
"783","06/02/2022","22:15:00",384746.213068077,5419432.69189689
"784","06/02/2022","22:15:00",384746.213068077,5419432.69189689
"785","06/02/2022","22:15:00",384746.213068077,5419432.69189689
"786","10/02/2022","06:00:00",385647.606479873,5419820.89299413
"787","10/02/2022","06:00:00",385647.606479873,5419820.89299413
"788","10/02/2022","06:00:00",385647.606479873,5419820.89299413
"789","10/02/2022","06:00:00",385647.606479873,5419820.89299413
"790","10/02/2022","06:00:00",385647.606479873,5419820.89299413
"791","10/02/2022","06:00:00",385647.606479873,5419820.89299413
"792","10/02/2022","06:00:00",385647.606479873,5419820.89299413
"793","10/02/2022","06:00:00",385647.606479873,5419820.89299413
"794","10/02/2022","06:00:00",385647.606479873,5419820.89299413
"795","10/02/2022","06:00:00",385647.606479873,5419820.89299413
"796","11/02/2022",NA,386851.47969954,5417790.72976433
"797","12/02/2022","00:05:00",384257.865807459,5422275.57920502
"798","14/02/2022",NA,380310.942106286,5419418.7353407
"799","15/02/2022","00:31:00",383016.212826358,5422555.10649709
"800","15/02/2022","00:31:00",383016.212826358,5422555.10649709
"801","15/02/2022","00:31:00",383016.212826358,5422555.10649709
"802","15/02/2022","00:31:00",383016.212826358,5422555.10649709
"803","15/02/2022","00:31:00",383016.212826358,5422555.10649709
"804","16/02/2022",NA,371738.164765494,5437074.0834369
"805","16/02/2022",NA,371738.164765494,5437074.0834369
"806","21/02/2022","00:31:00",381224.418588073,5420631.36109574
"807","23/02/2022","00:40:00",373762.20259802,5436370.27088822
"808","23/02/2022","18:55:00",394256.814374442,5418931.80405871
"809","24/02/2022","00:43:00",374822.509062028,5435463.1451466
"810","24/02/2022","00:43:00",374822.509062028,5435463.1451466
"811","24/02/2022","00:44:00",374799.905888276,5435594.89111269
"812","24/02/2022",NA,382560.263184835,5420179.31229652
"813","24/02/2022",NA,382496.946315208,5419957.12171437
"814","26/02/2022","00:58:00",388369.031163859,5417498.78506581
"815","28/02/2022","19:15:00",394442.598849211,5417055.36079314
"816","28/02/2022","19:15:00",394442.598849211,5417055.36079314
"817","28/02/2022","19:15:00",394442.598849211,5417055.36079314
"818","28/02/2022","19:15:00",394442.598849211,5417055.36079314
"819","28/02/2022","19:15:00",394442.598849211,5417055.36079314
"820","28/02/2022","19:15:00",394442.598849211,5417055.36079314
"821","28/02/2022","19:15:00",394442.598849211,5417055.36079314
"822","28/02/2022","19:15:00",394442.598849211,5417055.36079314
"823","28/02/2022","19:15:00",394442.598849211,5417055.36079314
"824","01/03/2022",NA,381650.57889268,5419375.41842956
"825","02/03/2022","00:27:00",372241.993761963,5438863.06613459
"826","02/03/2022","00:32:00",374799.905888276,5435594.89111269
"827","02/03/2022","00:32:00",374799.905888276,5435594.89111269
"828","02/03/2022",NA,376793.589268721,5488703.22156465
"829","02/03/2022",NA,376793.589268721,5488703.22156465
"830","05/03/2022","20:30:00",394050.391373348,5420370.08620822
"831","08/03/2022","19:50:00",377356.980777477,5433604.78552653
"832","08/03/2022",NA,386272.624663669,5419241.61325246
"833","10/03/2022",NA,377356.980777477,5433604.78552653
"834","11/03/2022",NA,384268.140125052,5422276.47749698
"835","12/03/2022",NA,394536.266962859,5417007.32846417
"836","13/03/2022","21:30:00",371729.616356819,5437052.03767866
"837","16/03/2022",NA,363523.385201983,5430545.80682785
"838","17/03/2022",NA,380066.688248664,5420702.89727968
"839","19/03/2022",NA,386383.310125625,5419888.67638174
"840","22/03/2022",NA,372241.993761963,5438863.06613459
"841","23/03/2022",NA,371389.524986945,5439427.78999113
"842","25/03/2022","00:35:00",383016.212826358,5422555.10649709
"843","27/03/2022",NA,377278.001035315,5432910.33498272
"844","28/03/2022","23:30:00",381004.810140162,5420127.82913992
"845","28/03/2022",NA,371389.524986945,5439427.78999113
"846","28/03/2022",NA,371389.524986945,5439427.78999113
"847","28/03/2022",NA,371389.524986945,5439427.78999113
"848","29/03/2022",NA,377356.980777477,5433604.78552653
"849","31/03/2022","23:30:00",380897.601295953,5420289.15033919
"850","31/03/2022","23:45:00",380914.729427814,5420438.91548947
"851","01/04/2022",NA,376792.358447673,5420796.77656756
"852","02/04/2022",NA,380935.139005814,5420259.09937788
"853","03/04/2022","18:45:00",373750.145537962,5436312.60157644
"854","06/04/2022","08:15:00",372191.739650134,5438964.32369838
"855","06/04/2022",NA,380935.139005814,5420259.09937788
"856","06/04/2022",NA,385313.780255271,5421033.11564355
"857","06/04/2022",NA,385313.780255271,5421033.11564355
"858","08/04/2022",NA,388188.893152712,5417410.87773266
"859","08/04/2022",NA,376806.728271685,5420807.02357793
"860","08/04/2022",NA,380935.139005814,5420259.09937788
"861","10/04/2022",NA,380935.139005814,5420259.09937788
"862","11/04/2022","22:00:00",372191.739650134,5438964.32369838
"863","12/04/2022",NA,385647.82643119,5419817.32991473
"864","18/04/2022","23:15:00",368748.63839719,5441161.47882876
"865","18/04/2022","23:15:00",368748.63839719,5441161.47882876
"866","21/04/2022",NA,384695.816756742,5419451.75069831
"867","21/04/2022",NA,394303.890086087,5418832.61047784
"868","24/04/2022","21:50:00",369684.16888197,5441794.44657096
"869","02/05/2022","10:00:00",383447.384919693,5422611.66681632
"870","04/05/2022","00:41:00",377986.44921938,5430712.69830153
"871","09/05/2022","12:00:00",382556.836018284,5422273.4229242
"872","12/05/2022",NA,382900.635293734,5422005.94935931
"873","12/05/2022",NA,382536.722503818,5421841.24954833
"874","29/05/2022","10:18:00",377699.550693145,5438108.05666074
"875","01/06/2022","01:50:00",380711.382871615,5419464.63351738
"876","04/06/2022",NA,387457.728327988,5420073.69024013
"877","07/06/2022","21:20:00",378428.317172002,5431996.50035486
"878","07/06/2022","21:20:00",378428.317172002,5431996.50035486
"879","13/06/2022","22:05:00",377965.955635734,5431840.13648521
"880","05/07/2022","08:45:00",374463.782876491,5434730.56177309
"881","15/07/2022",NA,386602.887431283,5419734.85169049
"882","16/07/2022","12:00:00",370684.359409237,5436367.43737308
"883","31/07/2022","23:55:00",378462.937765907,5432161.34833448
"884","02/08/2022","21:28:00",371592.888625865,5440993.47735103
"885","03/08/2022",NA,385631.323006268,5419827.3437863
"886","04/08/2022","21:35:00",381175.418299874,5419605.95376252
"887","04/08/2022","21:38:00",377116.289201103,5432014.19723737
"888","05/08/2022",NA,385631.323006268,5419827.3437863
"889","05/08/2022",NA,385631.323006268,5419827.3437863
"890","06/08/2022",NA,384508.354919117,5419070.9755238
"891","07/08/2022",NA,394151.572400134,5414980.02562699
"892","08/08/2022","21:05:00",380758.922358196,5428610.59090824
"893","09/08/2022","21:45:00",378462.937765907,5432161.34833448
"894","09/08/2022",NA,386682.923003188,5418899.74647635
"895","11/08/2022","21:00:00",382350.816870523,5422542.4513485
"896","12/08/2022","21:10:00",385794.061510377,5420386.69999062
"897","12/08/2022",NA,390611.604991073,5415966.87538807
"898","13/08/2022",NA,384783.416250872,5419509.20976517
"899","14/08/2022",NA,390601.112355149,5416145.89229098
"900","15/08/2022","20:50:00",385059.787174502,5421236.96953453
"901","20/08/2022","20:20:00",378676.261816643,5423375.39939118
"902","28/08/2022","20:30:00",387523.501497516,5417637.11495391
"903","28/08/2022",NA,394045.469948172,5422419.92057987
"904","29/08/2022","20:55:00",385273.364241037,5421290.38877345
"905","29/08/2022",NA,386682.923003188,5418899.74647635
"906","30/08/2022","20:40:00",388096.301396004,5419213.44720391
"907","04/09/2022",NA,385952.917070997,5419577.76355119
"908","05/09/2022","20:40:00",376000.308536641,5433139.8421462
"909","05/09/2022","20:40:00",376000.308536641,5433139.8421462
"910","05/09/2022","20:55:00",377397.107745249,5433984.36039305
"911","06/09/2022",NA,386682.923003188,5418899.74647635
"912","07/09/2022","20:45:00",378396.293919215,5431980.19805153
"913","07/09/2022","20:45:00",378396.293919215,5431980.19805153
"914","08/09/2022",NA,383432.825857684,5419334.92801984
"915","08/09/2022",NA,383432.825857684,5419334.92801984
"916","09/09/2022","20:50:00",377212.111407645,5432124.06688537
"917","09/09/2022","20:50:00",377212.111407645,5432124.06688537
"918","09/09/2022",NA,395032.691509914,5414994.39112837
"919","09/09/2022",NA,395032.691509914,5414994.39112837
"920","09/09/2022",NA,395032.691509914,5414994.39112837
"921","09/09/2022",NA,395032.691509914,5414994.39112837
"922","11/09/2022","19:40:00",373081.757508497,5435150.9742293
"923","11/09/2022","20:00:00",373081.757508497,5435150.9742293
"924","11/09/2022","20:50:00",377097.079149686,5431351.9005885
"925","11/09/2022","20:50:00",377097.079149686,5431351.9005885
"926","13/09/2022","20:40:00",375992.862987659,5433346.31223784
"927","13/09/2022","20:40:00",375992.862987659,5433346.31223784
"928","14/09/2022",NA,385641.982210253,5419814.66984173
"929","14/09/2022",NA,385641.982210253,5419814.66984173
"930","14/09/2022",NA,385641.982210253,5419814.66984173
"931","15/09/2022",NA,394440.155025013,5417054.07271193
"932","15/09/2022",NA,394440.155025013,5417054.07271193
"933","15/09/2022",NA,394440.155025013,5417054.07271193
"934","15/09/2022",NA,394440.155025013,5417054.07271193
"935","15/09/2022",NA,394440.155025013,5417054.07271193
"936","15/09/2022",NA,394440.155025013,5417054.07271193
"937","15/09/2022",NA,377252.811688762,5433298.36165412
"938","18/09/2022","20:15:00",377172.838518428,5431343.32718449
"939","18/09/2022","20:15:00",377172.838518428,5431343.32718449
"940","19/09/2022","20:10:00",378676.261816643,5423375.39939118
"941","19/09/2022",NA,382303.322204395,5419721.33765335
"942","19/09/2022",NA,383432.825857684,5419334.92801984
"943","20/09/2022","20:45:00",385273.364241037,5421290.38877345
"944","20/09/2022","21:15:00",377975.670344405,5432217.13522684
"945","21/09/2022","07:35:00",378070.930197469,5433451.39641945
"946","21/09/2022","07:35:00",378070.930197469,5433451.39641945
"947","21/09/2022","07:35:00",378070.930197469,5433451.39641945
"948","21/09/2022","07:35:00",378070.930197469,5433451.39641945
"949","22/09/2022","20:05:00",373085.566600807,5435150.37536624
"950","25/09/2022",NA,394141.79352441,5418961.2332642
"951","27/09/2022","21:45:00",381619.055120035,5429440.49032523
"952","27/09/2022","21:45:00",381619.055120035,5429440.49032523
"953","27/09/2022",NA,385642.538380574,5419816.77131231
"954","27/09/2022",NA,385642.538380574,5419816.77131231
"955","27/09/2022",NA,385642.538380574,5419816.77131231
"956","02/10/2022","20:45:00",369505.875142634,5438805.9726871
"957","04/10/2022",NA,395032.691509914,5414994.39112837
"958","04/10/2022",NA,395032.691509914,5414994.39112837
"959","04/10/2022",NA,395032.691509914,5414994.39112837
"960","04/10/2022",NA,395032.691509914,5414994.39112837
"961","04/10/2022",NA,395032.691509914,5414994.39112837
"962","04/10/2022",NA,386682.923003188,5418899.74647635
"963","06/10/2022","19:30:00",376030.624241345,5433115.36414889
"964","06/10/2022","19:30:00",376030.624241345,5433115.36414889
"965","08/10/2022","16:00:00",376030.624241345,5433115.36414889
"966","08/10/2022",NA,384783.416250872,5419509.20976517
"967","09/10/2022","11:00:00",382711.704286793,5421627.37550095
"968","09/10/2022","18:30:00",380551.94934939,5426763.07782186
"969","09/10/2022","18:30:00",380551.94934939,5426763.07782186
"970","09/10/2022","18:30:00",380551.94934939,5426763.07782186
"971","09/10/2022","19:00:00",381224.418588073,5420631.36109574
"972","09/10/2022","19:00:00",381224.418588073,5420631.36109574
"973","09/10/2022","19:00:00",381224.418588073,5420631.36109574
"974","11/10/2022","18:45:00",381614.417988256,5429470.39346985
"975","13/10/2022","08:00:00",384156.552079873,5420118.06033476
"976","19/10/2022","08:40:00",374822.534181212,5435464.25674092
"977","19/10/2022","08:45:00",374800.198085575,5435594.88450832
"978","19/10/2022","09:05:00",374822.534181212,5435464.25674092
"979","19/10/2022","09:10:00",374800.198085575,5435594.88450832
"980","19/10/2022","09:10:00",374800.198085575,5435594.88450832
"981","19/10/2022","09:15:00",374822.534181212,5435464.25674092
"982","19/10/2022","09:20:00",374800.198085575,5435594.88450832
"983","19/10/2022","09:25:00",374822.534181212,5435464.25674092
"984","19/10/2022","09:25:00",374800.198085575,5435594.88450832
"985","19/10/2022","09:30:00",374822.534181212,5435464.25674092
"986","19/10/2022","09:30:00",374800.198085575,5435594.88450832
"987","19/10/2022","09:35:00",374800.198085575,5435594.88450832
"988","19/10/2022","09:40:00",374800.198085575,5435594.88450832
"989","19/10/2022","18:55:00",371233.71386888,5441206.48562658
"990","19/10/2022","19:05:00",371369.555720993,5439382.22039123
"991","20/10/2022",NA,384783.416250872,5419509.20976517
"992","20/10/2022",NA,384783.416250872,5419509.20976517
"993","20/10/2022",NA,393655.717668034,5414904.17233089
"994","22/10/2022",NA,394141.79352441,5418961.2332642
"995","23/10/2022","18:45:00",372966.727747145,5435040.27994103
"996","23/10/2022","18:45:00",372966.727747145,5435040.27994103
"997","25/10/2022","18:30:00",377123.720289211,5432022.81845978
"998","25/10/2022","18:30:00",377123.720289211,5432022.81845978
"999","26/10/2022","18:30:00",377997.789872717,5433461.74714854
"1000","26/10/2022","18:30:00",377997.789872717,5433461.74714854
"1001","28/10/2022",NA,395945.88949329,5424157.9955085
"1002","29/10/2022",NA,384783.416250872,5419509.20976517
"1003","29/10/2022",NA,384783.416250872,5419509.20976517
"1004","31/10/2022","18:15:00",378744.808965991,5432711.2403954
"1005","31/10/2022","18:15:00",378744.808965991,5432711.2403954
"1006","01/11/2022","17:30:00",387882.550267683,5416356.27005127
"1007","01/11/2022","17:30:00",387882.550267683,5416356.27005127
"1008","02/11/2022","17:40:00",385273.501756304,5421297.0582733
"1009","02/11/2022","17:45:00",377212.562216168,5432899.27239113
"1010","02/11/2022","17:45:00",377212.562216168,5432899.27239113
"1011","03/11/2022","17:10:00",386880.439294745,5417404.48703819
"1012","03/11/2022","17:45:00",387361.768641351,5418677.24427907
"1013","05/11/2022",NA,395945.88949329,5424157.9955085
"1014","05/11/2022",NA,394141.79352441,5418961.2332642
"1015","08/11/2022","17:05:00",380823.493601639,5427493.76655418
"1016","08/11/2022","17:05:00",380823.493601639,5427493.76655418
"1017","08/11/2022","17:30:00",386880.439294745,5417404.48703819
"1018","09/11/2022","17:10:00",378676.261816643,5423375.39939118
"1019","09/11/2022",NA,383432.825857684,5419334.92801984
"1020","10/11/2022","16:45:00",377113.406054112,5432082.10151059
"1021","10/11/2022","17:15:00",378744.808965991,5432711.2403954
"1022","10/11/2022","17:30:00",378256.157238455,5423055.39614292
"1023","14/11/2022","06:30:00",379960.940252953,5430165.83733716
"1024","14/11/2022","06:30:00",379960.940252953,5430165.83733716
"1025","14/11/2022","06:30:00",379960.940252953,5430165.83733716
"1026","14/11/2022","06:30:00",379960.940252953,5430165.83733716
"1027","14/11/2022","06:30:00",379960.940252953,5430165.83733716
"1028","14/11/2022","06:30:00",379960.940252953,5430165.83733716
"1029","14/11/2022","06:30:00",379960.940252953,5430165.83733716
"1030","14/11/2022","06:30:00",379960.940252953,5430165.83733716
"1031","14/11/2022","11:00:00",374800.198085575,5435594.88450832
"1032","14/11/2022","11:00:00",374939.812870437,5435443.59077682
"1033","14/11/2022","11:05:00",374800.198085575,5435594.88450832
"1034","14/11/2022","11:05:00",374939.812870437,5435443.59077682
"1035","14/11/2022","11:05:00",374822.534181212,5435464.25674092
"1036","14/11/2022","11:07:00",374800.198085575,5435594.88450832
"1037","14/11/2022","11:10:00",374800.198085575,5435594.88450832
"1038","14/11/2022","11:10:00",374939.812870437,5435443.59077682
"1039","14/11/2022","11:10:00",374822.534181212,5435464.25674092
"1040","14/11/2022","11:10:00",374822.534181212,5435464.25674092
"1041","14/11/2022","11:15:00",374800.198085575,5435594.88450832
"1042","14/11/2022","11:15:00",374939.812870437,5435443.59077682
"1043","14/11/2022","11:15:00",374822.534181212,5435464.25674092
"1044","14/11/2022","11:20:00",374800.198085575,5435594.88450832
"1045","14/11/2022","11:20:00",374939.812870437,5435443.59077682
"1046","14/11/2022","11:25:00",374800.198085575,5435594.88450832
"1047","14/11/2022","11:25:00",374800.198085575,5435594.88450832
"1048","14/11/2022","11:25:00",374939.812870437,5435443.59077682
"1049","14/11/2022","11:25:00",374822.534181212,5435464.25674092
"1050","14/11/2022","11:25:00",374822.534181212,5435464.25674092
"1051","14/11/2022","11:26:00",374800.198085575,5435594.88450832
"1052","14/11/2022","11:28:00",374822.534181212,5435464.25674092
"1053","14/11/2022","11:30:00",374822.534181212,5435464.25674092
"1054","14/11/2022","11:30:00",374822.534181212,5435464.25674092
"1055","14/11/2022","11:40:00",374939.812870437,5435443.59077682
"1056","15/11/2022",NA,384783.416250872,5419509.20976517
"1057","17/11/2022","20:00:00",379960.940252953,5430165.83733716
"1058","17/11/2022",NA,377406.964708076,5419549.42628909
"1059","19/11/2022","16:30:00",377115.434279717,5432005.31908301
"1060","20/11/2022","17:15:00",377212.562216168,5432899.27239113
"1061","20/11/2022","17:15:00",377212.562216168,5432899.27239113
"1062","20/11/2022","17:15:00",377529.768320227,5430897.58815869
"1063","20/11/2022","17:15:00",377529.768320227,5430897.58815869
"1064","21/11/2022","17:30:00",377866.922255001,5432738.405885
"1065","23/11/2022","16:45:00",380431.349039009,5425766.20509504
"1066","23/11/2022","17:30:00",380557.924776286,5426749.91550528
"1067","25/11/2022","07:00:00",383016.212826358,5422555.10649709
"1068","25/11/2022","07:00:00",383016.212826358,5422555.10649709
"1069","25/11/2022","07:00:00",383016.212826358,5422555.10649709
"1070","25/11/2022","07:00:00",383016.212826358,5422555.10649709
"1071","25/11/2022","07:00:00",383016.212826358,5422555.10649709
"1072","26/11/2022","07:00:00",385273.364241037,5421290.38877345
"1073","26/11/2022",NA,394045.469948172,5422419.92057987
"1074","28/11/2022","16:45:00",381565.751548165,5429420.72009804
"1075","28/11/2022","16:58:00",373750.148072075,5436312.71273588
"1076","28/11/2022","17:15:00",381565.751548165,5429420.72009804
"1077","28/11/2022","23:10:00",379122.902065306,5424109.67141834
"1078","28/11/2022","23:10:00",379122.902065306,5424109.67141834
"1079","28/11/2022","23:10:00",379122.902065306,5424109.67141834
"1080","28/11/2022","23:10:00",379122.902065306,5424109.67141834
"1081","29/11/2022","16:30:00",377406.201479894,5434014.07576177
"1082","29/11/2022","16:45:00",371389.067622962,5438276.67771799
"1083","29/11/2022","16:50:00",377406.201479894,5434014.07576177
"1084","01/12/2022",NA,394045.469948172,5422419.92057987
"1085","02/12/2022","16:50:00",380772.577137681,5429416.57280401
"1086","06/12/2022","16:40:00",387405.765891909,5421091.14497417
"1087","06/12/2022",NA,377101.289849025,5431984.16827973
"1088","07/12/2022","16:30:00",380058.842331297,5424788.91121688
"1089","07/12/2022",NA,394141.79352441,5418961.2332642
"1090","07/12/2022",NA,384783.416250872,5419509.20976517
"1091","07/12/2022",NA,384783.416250872,5419509.20976517
"1092","08/12/2022","06:00:00",369606.539707643,5441716.19741862
"1093","08/12/2022","06:00:00",369606.539707643,5441716.19741862
"1094","08/12/2022","06:00:00",369606.539707643,5441716.19741862
"1095","08/12/2022","07:30:00",377707.061180666,5421534.95046492
"1096","09/12/2022","16:50:00",384601.028377082,5421232.00803942
"1097","10/12/2022",NA,395245.231345469,5414595.86492674
"1098","12/12/2022","07:40:00",379122.902065306,5424109.67141834
"1099","12/12/2022","07:40:00",379122.902065306,5424109.67141834
"1100","12/12/2022","07:40:00",379122.902065306,5424109.67141834
"1101","12/12/2022","07:40:00",379122.902065306,5424109.67141834
"1102","12/12/2022","07:40:00",379122.902065306,5424109.67141834
"1103","12/12/2022","07:40:00",379122.902065306,5424109.67141834
"1104","12/12/2022","07:40:00",379122.902065306,5424109.67141834
"1105","12/12/2022","07:40:00",379122.902065306,5424109.67141834
"1106","12/12/2022","16:25:00",373745.356932595,5436307.70597021
"1107","12/12/2022","16:30:00",377226.052422922,5431323.35396789
"1108","12/12/2022","16:45:00",369585.112711286,5438824.94751174
"1109","12/12/2022",NA,382303.322204395,5419721.33765335
"1110","13/12/2022","04:10:00",372937.453131994,5419849.04708161
"1111","13/12/2022","04:10:00",372937.453131994,5419849.04708161
"1112","13/12/2022","04:10:00",372937.453131994,5419849.04708161
"1113","13/12/2022","04:10:00",372937.453131994,5419849.04708161
"1114","13/12/2022","17:00:00",377979.174866576,5432675.76787115
"1115","13/12/2022","17:00:00",377979.174866576,5432675.76787115
"1116","13/12/2022","17:00:00",377226.052422922,5431323.35396789
"1117","13/12/2022","17:15:00",378744.808965991,5432711.2403954
"1118","13/12/2022",NA,377979.174866576,5432675.76787115
"1119","14/12/2022","17:05:00",369076.633551017,5440279.47702878
"1120","14/12/2022","17:05:00",369076.633551017,5440279.47702878
"1121","15/12/2022","17:05:00",375977.322676387,5434990.86302041
"1122","16/12/2022",NA,383432.825857684,5419334.92801984
"1123","16/12/2022",NA,384783.416250872,5419509.20976517
"1124","18/12/2022","16:50:00",369606.539707643,5441716.19741862
"1125","19/12/2022","16:55:00",373750.148072075,5436312.71273588
"1126","19/12/2022","17:10:00",372947.633033483,5419845.47829885
"1127","21/12/2022","08:10:00",383016.212826358,5422555.10649709
"1128","21/12/2022","08:10:00",383016.212826358,5422555.10649709
"1129","21/12/2022","08:10:00",383016.212826358,5422555.10649709
"1130","21/12/2022","08:10:00",383016.212826358,5422555.10649709
"1131","21/12/2022",NA,394128.869143186,5420347.13140999
"1132","28/12/2022","08:15:00",383016.212826358,5422555.10649709
"1133","28/12/2022","08:15:00",383016.212826358,5422555.10649709
"1134","28/12/2022","08:15:00",383016.212826358,5422555.10649709
"1135","28/12/2022","08:15:00",383016.212826358,5422555.10649709
"1136","28/12/2022","08:15:00",383016.212826358,5422555.10649709
"1137","28/12/2022","08:15:00",383016.212826358,5422555.10649709
"1138","28/12/2022","08:15:00",383016.212826358,5422555.10649709
"1139","28/12/2022","08:15:00",383016.212826358,5422555.10649709
"1140","28/12/2022","08:15:00",383016.212826358,5422555.10649709
"1141","28/12/2022","08:15:00",383016.212826358,5422555.10649709
"1142","28/12/2022","08:55:00",374800.198085575,5435594.88450832
"1143","30/12/2022","03:15:00",378015.062393865,5433509.0775153
"1144","30/12/2022","03:15:00",378015.062393865,5433509.0775153
"1145","30/12/2022","03:15:00",378015.062393865,5433509.0775153
"1146","30/12/2022","03:15:00",378015.062393865,5433509.0775153
"1147","30/12/2022","03:15:00",378015.062393865,5433509.0775153
"1148","30/12/2022",NA,371390.293783023,5439366.60127989
"1149","30/12/2022",NA,371390.293783023,5439366.60127989
"1150","01/01/2023","17:15:00",378015.062393865,5433509.0775153
"1151","02/01/2023","10:00:00",383016.212826358,5422555.10649709
"1152","03/01/2023",NA,384783.416250872,5419509.20976517
"1153","07/01/2023","09:15:00",374998.454674594,5435502.9911501
"1154","07/01/2023","09:30:00",374998.454674594,5435502.9911501
"1155","07/01/2023",NA,374998.454674594,5435502.9911501
"1156","16/01/2023","17:10:00",377113.406054112,5432082.10151059
"1157","16/01/2023","17:10:00",377113.406054112,5432082.10151059
"1158","16/01/2023","17:10:00",377113.406054112,5432082.10151059
"1159","18/01/2023","08:30:00",378442.301049463,5431653.55867623
"1160","18/01/2023","08:30:00",378442.301049463,5431653.55867623
"1161","18/01/2023","08:30:00",378442.301049463,5431653.55867623
"1162","18/01/2023","08:30:00",378442.301049463,5431653.55867623
"1163","18/01/2023","08:30:00",378442.301049463,5431653.55867623
"1164","18/01/2023","08:30:00",378442.301049463,5431653.55867623
"1165","18/01/2023","08:30:00",378442.301049463,5431653.55867623
"1166","18/01/2023","08:30:00",378442.301049463,5431653.55867623
"1167","18/01/2023","08:30:00",378442.301049463,5431653.55867623
"1168","18/01/2023","08:30:00",378442.301049463,5431653.55867623
"1169","18/01/2023","17:30:00",371389.067622962,5438276.67771799
"1170","18/01/2023","17:30:00",371389.067622962,5438276.67771799
"1171","18/01/2023","17:30:00",368848.827030477,5440182.57205709
"1172","19/01/2023","17:55:00",368848.827030477,5440182.57205709
"1173","20/01/2023","17:50:00",373750.148072075,5436312.71273588
"1174","21/01/2023","18:15:00",378358.414963564,5425986.91377418
"1175","23/01/2023","17:45:00",371592.888625865,5440993.47735103
"1176","23/01/2023","18:00:00",380846.087111314,5419457.30065909
"1177","23/01/2023","18:07:00",375614.793591721,5434845.06814062
"1178","24/01/2023",NA,377706.49541755,5433911.68615216
"1179","27/01/2023","17:10:00",378014.949738401,5433450.80421435
"1180","27/01/2023","18:05:00",372220.66254662,5439014.81643774
"1181","27/01/2023","18:05:00",372220.66254662,5439014.81643774
"1182","27/01/2023","18:05:00",372220.66254662,5439014.81643774
"1183","28/01/2023",NA,385642.538380574,5419816.77131231
"1184","31/01/2023","07:30:00",383016.212826358,5422555.10649709
"1185","31/01/2023","07:30:00",383016.212826358,5422555.10649709
"1186","31/01/2023","07:30:00",383016.212826358,5422555.10649709
"1187","31/01/2023","07:30:00",383016.212826358,5422555.10649709
"1188","31/01/2023","07:30:00",383016.212826358,5422555.10649709
"1189","31/01/2023","07:30:00",383016.212826358,5422555.10649709
"1190","31/01/2023","07:30:00",383016.212826358,5422555.10649709
"1191","31/01/2023","18:00:00",377226.052422922,5431323.35396789
"1192","31/01/2023","18:00:00",377226.052422922,5431323.35396789
"1193","31/01/2023",NA,392848.709615077,5415514.98374942
"1194","04/02/2023","18:30:00",374461.935225378,5434511.56309535
"1195","09/02/2023","18:50:00",369585.112711286,5438824.94751174
"1196","14/02/2023","18:45:00",371227.100089671,5441141.01973955
"1197","14/02/2023","18:45:00",371227.100089671,5441141.01973955
"1198","15/02/2023","22:30:00",371409.628985834,5439412.86412595
"1199","16/02/2023","20:00:00",371227.100089671,5441141.01973955
"1200","16/02/2023","21:00:00",369589.818096518,5440449.7788129
"1201","19/02/2023","23:00:00",369606.539707643,5441716.19741862
"1202","19/02/2023","23:00:00",369606.539707643,5441716.19741862
"1203","19/02/2023","23:00:00",369606.539707643,5441716.19741862
"1204","19/02/2023","23:00:00",369606.539707643,5441716.19741862
"1205","19/02/2023","23:00:00",369606.539707643,5441716.19741862
"1206","20/02/2023",NA,395032.691509914,5414994.39112837
"1207","21/02/2023","20:05:00",369585.112711286,5438824.94751174
"1208","21/02/2023",NA,384783.416250872,5419509.20976517
"1209","21/02/2023",NA,384783.416250872,5419509.20976517
"1210","21/02/2023",NA,384783.416250872,5419509.20976517
"1211","21/02/2023",NA,384783.416250872,5419509.20976517
"1212","21/02/2023",NA,385642.538380574,5419816.77131231
"1213","22/02/2023","22:15:00",378015.062393865,5433509.0775153
"1214","22/02/2023","22:15:00",378015.062393865,5433509.0775153
"1215","22/02/2023","22:15:00",378015.062393865,5433509.0775153
"1216","22/02/2023","22:15:00",378015.062393865,5433509.0775153
"1217","22/02/2023","22:15:00",378015.062393865,5433509.0775153
"1218","22/02/2023","22:15:00",378015.062393865,5433509.0775153
"1219","22/02/2023","22:15:00",378015.062393865,5433509.0775153
"1220","22/02/2023","22:15:00",378015.062393865,5433509.0775153
"1221","22/02/2023","22:15:00",378015.062393865,5433509.0775153
"1222","22/02/2023","22:15:00",378015.062393865,5433509.0775153
"1223","22/02/2023","22:15:00",378015.062393865,5433509.0775153
"1224","26/02/2023","22:15:00",376374.809596959,5433264.0455431
"1225","27/02/2023","20:00:00",371273.663826384,5437963.49710801
"1226","02/03/2023","22:45:00",377226.052422922,5431323.35396789
"1227","02/03/2023",NA,395032.691509914,5414994.39112837
"1228","06/03/2023","21:45:00",369589.818096518,5440449.7788129
"1229","06/03/2023","21:45:00",369589.818096518,5440449.7788129
"1230","06/03/2023","22:15:00",371227.100089671,5441141.01973955
"1231","06/03/2023","23:30:00",376374.809596959,5433264.0455431
"1232","07/03/2023","06:30:00",373762.666173104,5436371.37249301
"1233","07/03/2023","06:31:00",373762.666173104,5436371.37249301
"1234","07/03/2023","08:25:00",374822.534181212,5435464.25674092
"1235","07/03/2023","08:40:00",374822.534181212,5435464.25674092
"1236","07/03/2023","08:41:00",374822.534181212,5435464.25674092
"1237","12/03/2023",NA,383432.825857684,5419334.92801984
"1238","12/03/2023",NA,384783.416250872,5419509.20976517
"1239","13/03/2023","23:10:00",376374.809596959,5433264.0455431
"1240","14/03/2023","21:15:00",376374.809596959,5433264.0455431
"1241","17/03/2023","18:54:00",372210.550689362,5438937.53034359
"1242","18/03/2023","19:50:00",372210.550689362,5438937.53034359
"1243","19/03/2023","08:15:00",374800.198085575,5435594.88450832
"1244","19/03/2023","08:20:00",374800.198085575,5435594.88450832
"1245","19/03/2023","08:30:00",374800.198085575,5435594.88450832
"1246","19/03/2023","08:35:00",374800.198085575,5435594.88450832
"1247","19/03/2023","19:40:00",377795.762954268,5434405.84104349
"1248","19/03/2023","19:40:00",377795.762954268,5434405.84104349
"1249","27/03/2023","03:15:00",369606.539707643,5441716.19741862
"1250","28/03/2023",NA,395032.691509914,5414994.39112837
"1251","29/03/2023","21:00:00",377226.052422922,5431323.35396789
"1252","29/03/2023",NA,383432.825857684,5419334.92801984
"1253","08/01/2021",NA,381215.789131471,5420622.26100511
"1254","10/01/2021","00:33:00",382962.376706294,5422467.06990506
"1255","10/01/2021","00:33:00",382962.376706294,5422467.06990506
"1256","10/01/2021","00:33:00",382962.376706294,5422467.06990506
"1257","10/01/2021",NA,385046.252560747,5419909.72869654
"1258","10/01/2021",NA,385046.252560747,5419909.72869654
"1259","12/01/2021","00:33:00",382962.376706294,5422467.06990506
"1260","12/01/2021","00:33:00",382962.376706294,5422467.06990506
"1261","12/01/2021","00:34:00",382962.376706294,5422467.06990506
"1262","16/01/2021",NA,385755.682639484,5419862.70070506
"1263","18/01/2021","00:32:00",382962.376706294,5422467.06990506
"1264","18/01/2021","00:33:00",382962.376706294,5422467.06990506
"1265","29/01/2021","00:32:00",382962.376706294,5422467.06990506
"1266","29/01/2021","00:32:00",382962.376706294,5422467.06990506
"1267","29/01/2021","00:32:00",382962.376706294,5422467.06990506
"1268","29/01/2021","00:33:00",382962.376706294,5422467.06990506
"1269","29/01/2021","00:33:00",382962.376706294,5422467.06990506
"1270","29/01/2021","00:34:00",382962.376706294,5422467.06990506
